<?xml version="1.0" encoding="UTF-8" standalone="yes"?>
<?aid style="50" type="document" readerVersion="6.0" featureSet="257" product="10.0(70)" ?>
<Document xmlns:idPkg="http://ns.adobe.com/AdobeInDesign/idml/1.0/packaging" DOMVersion="10.0" Self="d" StoryList="u150 u167 u181 u1b6 u1ce u1e5 u243 u25a u271 u2ab u2c7 u2de u2f5 u30c u324 u33b u352 u369 u380 u397 u3c4 u3db u3ff u504 u51b u532 uc4" ZeroPoint="0 0" ActiveLayer="udf" CMYKProfile="Japan Color 2001 Coated" RGBProfile="sRGB IEC61966-2.1" SolidColorIntent="UseColorSettings" AfterBlendingIntent="UseColorSettings" DefaultImageIntent="UseColorSettings" RGBPolicy="PreserveEmbeddedProfiles" CMYKPolicy="CombinationOfPreserveAndSafeCmyk" AccurateLABSpots="false">
	<Language Self="Language/$ID/Chinese%3a Simplified" Name="$ID/Chinese: Simplified" SingleQuotes="&apos;&apos;" DoubleQuotes="&quot;&quot;" PrimaryLanguageName="$ID/Chinese" SublanguageName="$ID/Simplified" Id="520" HyphenationVendor="$ID/" SpellingVendor="$ID/" />
	<idPkg:Graphic src="Resources/Graphic.xml" />
	<idPkg:Fonts src="Resources/Fonts.xml" />
	<KinsokuTable Self="KinsokuTable/$ID/kHardKinsokuName" Name="$ID/kHardKinsokuName" />
	<KinsokuTable Self="KinsokuTable/$ID/kSoftKinsokuName" Name="$ID/kSoftKinsokuName" />
	<KinsokuTable Self="KinsokuTable/$ID/kKoreanKinsokuName" Name="$ID/kKoreanKinsokuName" />
	<KinsokuTable Self="KinsokuTable/$ID/kSimpChineseKinsokuName" Name="$ID/kSimpChineseKinsokuName" />
	<KinsokuTable Self="KinsokuTable/$ID/kTradChineseKinsokuName" Name="$ID/kTradChineseKinsokuName" />
	<MojikumiTable Self="MojikumiTable/$ID/kMojikumiDefaultName1" Name="$ID/kMojikumiDefaultName1" />
	<MojikumiTable Self="MojikumiTable/$ID/kMojikumiDefaultName2" Name="$ID/kMojikumiDefaultName2" />
	<MojikumiTable Self="MojikumiTable/$ID/kMojikumiDefaultName3" Name="$ID/kMojikumiDefaultName3" />
	<MojikumiTable Self="MojikumiTable/$ID/kMojikumiDefaultName4" Name="$ID/kMojikumiDefaultName4" />
	<MojikumiTable Self="MojikumiTable/$ID/kMojikumiDefaultName5" Name="$ID/kMojikumiDefaultName5" />
	<MojikumiTable Self="MojikumiTable/$ID/kMojikumiDefaultName6" Name="$ID/kMojikumiDefaultName6" />
	<MojikumiTable Self="MojikumiTable/$ID/kMojikumiDefaultName7" Name="$ID/kMojikumiDefaultName7" />
	<MojikumiTable Self="MojikumiTable/$ID/kMojikumiDefaultName8" Name="$ID/kMojikumiDefaultName8" />
	<MojikumiTable Self="MojikumiTable/$ID/kMojikumiDefaultName9" Name="$ID/kMojikumiDefaultName9" />
	<MojikumiTable Self="MojikumiTable/$ID/kMojikumiDefaultName10" Name="$ID/kMojikumiDefaultName10" />
	<MojikumiTable Self="MojikumiTable/$ID/kMojikumiDefaultName11" Name="$ID/kMojikumiDefaultName11" />
	<MojikumiTable Self="MojikumiTable/$ID/kMojikumiDefaultName12" Name="$ID/kMojikumiDefaultName12" />
	<MojikumiTable Self="MojikumiTable/$ID/kMojikumiDefaultName13" Name="$ID/kMojikumiDefaultName13" />
	<MojikumiTable Self="MojikumiTable/$ID/kMojikumiDefaultName14" Name="$ID/kMojikumiDefaultName14" />
	<MojikumiTable Self="MojikumiTable/$ID/kMojikumiDefaultName15" Name="$ID/kMojikumiDefaultName15" />
	<MojikumiTable Self="MojikumiTable/$ID/kMojikumiDefaultName16" Name="$ID/kMojikumiDefaultName16" />
	<idPkg:Styles src="Resources/Styles.xml" />
	<NumberingList Self="NumberingList/$ID/[Default]" Name="$ID/[Default]" ContinueNumbersAcrossStories="false" ContinueNumbersAcrossDocuments="false" />
	<NamedGrid Self="NamedGrid/$ID/[Page Grid]" Name="$ID/[Page Grid]">
		<GridDataInformation FontStyle="L" PointSize="12" CharacterAki="0" LineAki="9" HorizontalScale="100" VerticalScale="100" LineAlignment="LeftOrTopLineJustify" GridAlignment="AlignEmCenter" CharacterAlignment="AlignEmCenter">
			<Properties>
				<AppliedFont type="string">Adobe 宋体 Std</AppliedFont>
			</Properties>
		</GridDataInformation>
	</NamedGrid>
	<idPkg:Preferences src="Resources/Preferences.xml" />
	<LinkedStoryOption UpdateWhileSaving="false" WarnOnUpdateOfEditedStory="true" RemoveForcedLineBreaks="false" ApplyStyleMappings="false" />
	<LinkedPageItemOption UpdateLinkWhileSaving="false" WarnOnUpdateOfEditedPageItem="true" PreserveSizeAndShape="false" PreserveAppearance="false" PreserveInteractivity="false" PreserveFrameContent="false" PreserveOthers="false" />
	<TaggedPDFPreference StructureOrder="UseXMLStructure" />
	<WatermarkPreference WatermarkVisibility="false" WatermarkDoPrint="false" WatermarkDrawInBack="true" WatermarkText="" WatermarkFontFamily="Adobe Song Std" WatermarkFontStyle="L" WatermarkFontPointSize="48" WatermarkOpacity="50" WatermarkRotation="0" WatermarkHorizontalPosition="WatermarkHCenter" WatermarkHorizontalOffset="0" WatermarkVerticalPosition="WatermarkVCenter" WatermarkVerticalOffset="0">
		<Properties>
			<WatermarkFontColor type="enumeration">Black</WatermarkFontColor>
		</Properties>
	</WatermarkPreference>
	<ConditionalTextPreference ShowConditionIndicators="ShowIndicators" ActiveConditionSet="n" />
	<TextVariable Self="dTextVariablen&lt;?AID 001b?&gt;TV XRefChapterNumber" Name="&lt;?AID 001b?&gt;TV XRefChapterNumber" VariableType="XrefChapterNumberType" />
	<TextVariable Self="dTextVariablen&lt;?AID 001b?&gt;TV XRefPageNumber" Name="&lt;?AID 001b?&gt;TV XRefPageNumber" VariableType="XrefPageNumberType" />
	<TextVariable Self="dTextVariablen修改日期" Name="修改日期" VariableType="ModificationDateType">
		<DateVariablePreference TextBefore="" Format="yyyy年 M月 d日 aa h时 m分" TextAfter="" />
	</TextVariable>
	<TextVariable Self="dTextVariablen创建日期" Name="创建日期" VariableType="CreationDateType">
		<DateVariablePreference TextBefore="" Format="yy/MM/dd" TextAfter="" />
	</TextVariable>
	<TextVariable Self="dTextVariablen动态标题" Name="动态标题" VariableType="MatchParagraphStyleType">
		<MatchParagraphStylePreference TextBefore="" TextAfter="" AppliedParagraphStyle="ParagraphStyle/$ID/NormalParagraphStyle" SearchStrategy="FirstOnPage" ChangeCase="None" DeleteEndPunctuation="false" />
	</TextVariable>
	<TextVariable Self="dTextVariablen图像名称" Name="图像名称" VariableType="LiveCaptionType">
		<CaptionMetadataVariablePreference TextBefore="" MetadataProviderName="$ID/#LinkInfoNameStr" TextAfter="" />
	</TextVariable>
	<TextVariable Self="dTextVariablen文件名" Name="文件名" VariableType="FileNameType">
		<FileNameVariablePreference TextBefore="" IncludePath="false" IncludeExtension="false" TextAfter="" />
	</TextVariable>
	<TextVariable Self="dTextVariablen最后页码" Name="最后页码" VariableType="LastPageNumberType">
		<PageNumberVariablePreference TextBefore="" Format="Current" TextAfter="" Scope="SectionScope" />
	</TextVariable>
	<TextVariable Self="dTextVariablen章节编号" Name="章节编号" VariableType="ChapterNumberType">
		<ChapterNumberVariablePreference TextBefore="" Format="Current" TextAfter="" />
	</TextVariable>
	<TextVariable Self="dTextVariablen输出日期" Name="输出日期" VariableType="OutputDateType">
		<DateVariablePreference TextBefore="" Format="yy/MM/dd" TextAfter="" />
	</TextVariable>
	<idPkg:Tags src="XML/Tags.xml" />
	<Layer Self="udf" Name="图层 1" Visible="true" Locked="false" IgnoreWrap="false" ShowGuides="true" LockGuides="false" UI="true" Expendable="true" Printable="true">
		<Properties>
			<LayerColor type="enumeration">LightBlue</LayerColor>
		</Properties>
	</Layer>
	<idPkg:MasterSpread src="MasterSpreads/MasterSpread_ue9.xml" />
	<idPkg:Spread src="Spreads/Spread_ue2.xml" />
	<Section Self="ue8" Length="1" AlternateLayoutLength="1" AlternateLayout="自定 V" Name="" ContinueNumbering="true" IncludeSectionPrefix="false" Marker="" PageStart="ue7" SectionPrefix="">
		<Properties>
			<PageNumberStyle type="enumeration">Arabic</PageNumberStyle>
		</Properties>
	</Section>
	<DocumentUser Self="dDocumentUser0" UserName="$ID/Unknown User Name">
		<Properties>
			<UserColor type="enumeration">Gold</UserColor>
		</Properties>
	</DocumentUser>
	<CrossReferenceFormat Self="u9c" Name="整个段落和页码" AppliedCharacterStyle="n">
		<BuildingBlock Self="u9cBuildingBlock0" BlockType="CustomStringBuildingBlock" AppliedCharacterStyle="n" CustomText="第 " AppliedDelimiter="$ID/" IncludeDelimiter="false" />
		<BuildingBlock Self="u9cBuildingBlock1" BlockType="PageNumberBuildingBlock" AppliedCharacterStyle="n" CustomText="$ID/" AppliedDelimiter="$ID/" IncludeDelimiter="false" />
		<BuildingBlock Self="u9cBuildingBlock2" BlockType="CustomStringBuildingBlock" AppliedCharacterStyle="n" CustomText=" 页上的“" AppliedDelimiter="$ID/" IncludeDelimiter="false" />
		<BuildingBlock Self="u9cBuildingBlock3" BlockType="FullParagraphBuildingBlock" AppliedCharacterStyle="n" CustomText="$ID/" AppliedDelimiter="$ID/" IncludeDelimiter="false" />
		<BuildingBlock Self="u9cBuildingBlock4" BlockType="CustomStringBuildingBlock" AppliedCharacterStyle="n" CustomText="”" AppliedDelimiter="$ID/" IncludeDelimiter="false" />
	</CrossReferenceFormat>
	<CrossReferenceFormat Self="u9d" Name="整个段落" AppliedCharacterStyle="n">
		<BuildingBlock Self="u9dBuildingBlock0" BlockType="CustomStringBuildingBlock" AppliedCharacterStyle="n" CustomText="“" AppliedDelimiter="$ID/" IncludeDelimiter="false" />
		<BuildingBlock Self="u9dBuildingBlock1" BlockType="FullParagraphBuildingBlock" AppliedCharacterStyle="n" CustomText="$ID/" AppliedDelimiter="$ID/" IncludeDelimiter="false" />
		<BuildingBlock Self="u9dBuildingBlock2" BlockType="CustomStringBuildingBlock" AppliedCharacterStyle="n" CustomText="”" AppliedDelimiter="$ID/" IncludeDelimiter="false" />
	</CrossReferenceFormat>
	<CrossReferenceFormat Self="u9e" Name="段落文本和页码" AppliedCharacterStyle="n">
		<BuildingBlock Self="u9eBuildingBlock0" BlockType="CustomStringBuildingBlock" AppliedCharacterStyle="n" CustomText="第 " AppliedDelimiter="$ID/" IncludeDelimiter="false" />
		<BuildingBlock Self="u9eBuildingBlock1" BlockType="PageNumberBuildingBlock" AppliedCharacterStyle="n" CustomText="$ID/" AppliedDelimiter="$ID/" IncludeDelimiter="false" />
		<BuildingBlock Self="u9eBuildingBlock2" BlockType="CustomStringBuildingBlock" AppliedCharacterStyle="n" CustomText=" 页上的“" AppliedDelimiter="$ID/" IncludeDelimiter="false" />
		<BuildingBlock Self="u9eBuildingBlock3" BlockType="ParagraphTextBuildingBlock" AppliedCharacterStyle="n" CustomText="$ID/" AppliedDelimiter="$ID/" IncludeDelimiter="false" />
		<BuildingBlock Self="u9eBuildingBlock4" BlockType="CustomStringBuildingBlock" AppliedCharacterStyle="n" CustomText="”" AppliedDelimiter="$ID/" IncludeDelimiter="false" />
	</CrossReferenceFormat>
	<CrossReferenceFormat Self="u9f" Name="段落文本" AppliedCharacterStyle="n">
		<BuildingBlock Self="u9fBuildingBlock0" BlockType="CustomStringBuildingBlock" AppliedCharacterStyle="n" CustomText="“" AppliedDelimiter="$ID/" IncludeDelimiter="false" />
		<BuildingBlock Self="u9fBuildingBlock1" BlockType="ParagraphTextBuildingBlock" AppliedCharacterStyle="n" CustomText="$ID/" AppliedDelimiter="$ID/" IncludeDelimiter="false" />
		<BuildingBlock Self="u9fBuildingBlock2" BlockType="CustomStringBuildingBlock" AppliedCharacterStyle="n" CustomText="”" AppliedDelimiter="$ID/" IncludeDelimiter="false" />
	</CrossReferenceFormat>
	<CrossReferenceFormat Self="ua0" Name="段落编号和页码" AppliedCharacterStyle="n">
		<BuildingBlock Self="ua0BuildingBlock0" BlockType="CustomStringBuildingBlock" AppliedCharacterStyle="n" CustomText="第 " AppliedDelimiter="$ID/" IncludeDelimiter="false" />
		<BuildingBlock Self="ua0BuildingBlock1" BlockType="ParagraphNumberBuildingBlock" AppliedCharacterStyle="n" CustomText="$ID/" AppliedDelimiter="$ID/" IncludeDelimiter="false" />
		<BuildingBlock Self="ua0BuildingBlock2" BlockType="CustomStringBuildingBlock" AppliedCharacterStyle="n" CustomText=" 段（在第 " AppliedDelimiter="$ID/" IncludeDelimiter="false" />
		<BuildingBlock Self="ua0BuildingBlock3" BlockType="PageNumberBuildingBlock" AppliedCharacterStyle="n" CustomText="$ID/" AppliedDelimiter="$ID/" IncludeDelimiter="false" />
		<BuildingBlock Self="ua0BuildingBlock4" BlockType="CustomStringBuildingBlock" AppliedCharacterStyle="n" CustomText=" 页上）" AppliedDelimiter="$ID/" IncludeDelimiter="false" />
	</CrossReferenceFormat>
	<CrossReferenceFormat Self="ua1" Name="段落编号" AppliedCharacterStyle="n">
		<BuildingBlock Self="ua1BuildingBlock0" BlockType="ParagraphNumberBuildingBlock" AppliedCharacterStyle="n" CustomText="$ID/" AppliedDelimiter="$ID/" IncludeDelimiter="false" />
	</CrossReferenceFormat>
	<CrossReferenceFormat Self="ua2" Name="文本锚点名称和页码" AppliedCharacterStyle="n">
		<BuildingBlock Self="ua2BuildingBlock0" BlockType="CustomStringBuildingBlock" AppliedCharacterStyle="n" CustomText="第 " AppliedDelimiter="$ID/" IncludeDelimiter="false" />
		<BuildingBlock Self="ua2BuildingBlock1" BlockType="PageNumberBuildingBlock" AppliedCharacterStyle="n" CustomText="$ID/" AppliedDelimiter="$ID/" IncludeDelimiter="false" />
		<BuildingBlock Self="ua2BuildingBlock2" BlockType="CustomStringBuildingBlock" AppliedCharacterStyle="n" CustomText=" 页上的“" AppliedDelimiter="$ID/" IncludeDelimiter="false" />
		<BuildingBlock Self="ua2BuildingBlock3" BlockType="BookmarkNameBuildingBlock" AppliedCharacterStyle="n" CustomText="$ID/" AppliedDelimiter="$ID/" IncludeDelimiter="false" />
		<BuildingBlock Self="ua2BuildingBlock4" BlockType="CustomStringBuildingBlock" AppliedCharacterStyle="n" CustomText="”" AppliedDelimiter="$ID/" IncludeDelimiter="false" />
	</CrossReferenceFormat>
	<CrossReferenceFormat Self="ua3" Name="文本锚点名称" AppliedCharacterStyle="n">
		<BuildingBlock Self="ua3BuildingBlock0" BlockType="CustomStringBuildingBlock" AppliedCharacterStyle="n" CustomText="“" AppliedDelimiter="$ID/" IncludeDelimiter="false" />
		<BuildingBlock Self="ua3BuildingBlock1" BlockType="BookmarkNameBuildingBlock" AppliedCharacterStyle="n" CustomText="$ID/" AppliedDelimiter="$ID/" IncludeDelimiter="false" />
		<BuildingBlock Self="ua3BuildingBlock2" BlockType="CustomStringBuildingBlock" AppliedCharacterStyle="n" CustomText="”" AppliedDelimiter="$ID/" IncludeDelimiter="false" />
	</CrossReferenceFormat>
	<CrossReferenceFormat Self="ua4" Name="页码" AppliedCharacterStyle="n">
		<BuildingBlock Self="ua4BuildingBlock0" BlockType="CustomStringBuildingBlock" AppliedCharacterStyle="n" CustomText="第 " AppliedDelimiter="$ID/" IncludeDelimiter="false" />
		<BuildingBlock Self="ua4BuildingBlock1" BlockType="PageNumberBuildingBlock" AppliedCharacterStyle="n" CustomText="$ID/" AppliedDelimiter="$ID/" IncludeDelimiter="false" />
		<BuildingBlock Self="ua4BuildingBlock2" BlockType="CustomStringBuildingBlock" AppliedCharacterStyle="n" CustomText=" 页" AppliedDelimiter="$ID/" IncludeDelimiter="false" />
	</CrossReferenceFormat>
	<idPkg:BackingStory src="XML/BackingStory.xml" />
	<idPkg:Story src="Stories/Story_u532.xml" />
	<idPkg:Story src="Stories/Story_u51b.xml" />
	<idPkg:Story src="Stories/Story_u504.xml" />
	<idPkg:Story src="Stories/Story_u3ff.xml" />
	<idPkg:Story src="Stories/Story_u3db.xml" />
	<idPkg:Story src="Stories/Story_u3c4.xml" />
	<idPkg:Story src="Stories/Story_u397.xml" />
	<idPkg:Story src="Stories/Story_u380.xml" />
	<idPkg:Story src="Stories/Story_u369.xml" />
	<idPkg:Story src="Stories/Story_u352.xml" />
	<idPkg:Story src="Stories/Story_u33b.xml" />
	<idPkg:Story src="Stories/Story_u324.xml" />
	<idPkg:Story src="Stories/Story_u30c.xml" />
	<idPkg:Story src="Stories/Story_u2f5.xml" />
	<idPkg:Story src="Stories/Story_u2de.xml" />
	<idPkg:Story src="Stories/Story_u2c7.xml" />
	<idPkg:Story src="Stories/Story_u2ab.xml" />
	<idPkg:Story src="Stories/Story_u271.xml" />
	<idPkg:Story src="Stories/Story_u25a.xml" />
	<idPkg:Story src="Stories/Story_u243.xml" />
	<idPkg:Story src="Stories/Story_u1e5.xml" />
	<idPkg:Story src="Stories/Story_u1ce.xml" />
	<idPkg:Story src="Stories/Story_u1b6.xml" />
	<idPkg:Story src="Stories/Story_u181.xml" />
	<idPkg:Story src="Stories/Story_u167.xml" />
	<idPkg:Story src="Stories/Story_u150.xml" />
	<IndexingSortOption Self="dIndexingSortOptionnkIndexGroup_Symbol" Name="$ID/kIndexGroup_Symbol" Include="true" Priority="0" HeaderType="Nothing" />
	<IndexingSortOption Self="dIndexingSortOptionnkIndexGroup_Numeric" Name="$ID/kIndexGroup_Numeric" Include="true" Priority="1" HeaderType="Nothing" />
	<IndexingSortOption Self="dIndexingSortOptionnkIndexGroup_Alphabet" Name="$ID/kIndexGroup_Alphabet" Include="true" Priority="2" HeaderType="BasicLatin" />
	<IndexingSortOption Self="dIndexingSortOptionnkIndexGroup_Chinese" Name="$ID/kIndexGroup_Chinese" Include="true" Priority="3" HeaderType="ChinesePinyin" />
	<IndexingSortOption Self="dIndexingSortOptionnkIndexGroup_Kana" Name="$ID/kIndexGroup_Kana" Include="false" Priority="4" HeaderType="HiraganaAll" />
	<IndexingSortOption Self="dIndexingSortOptionnkIndexGroup_Korean" Name="$ID/kIndexGroup_Korean" Include="false" Priority="5" HeaderType="KoreanConsonant" />
	<IndexingSortOption Self="dIndexingSortOptionnkWRIndexGroup_CyrillicAlphabet" Name="$ID/kWRIndexGroup_CyrillicAlphabet" Include="false" Priority="6" HeaderType="Russian" />
	<IndexingSortOption Self="dIndexingSortOptionnkWRIndexGroup_GreekAlphabet" Name="$ID/kWRIndexGroup_GreekAlphabet" Include="false" Priority="7" HeaderType="Nothing" />
	<IndexingSortOption Self="dIndexingSortOptionnkWRIndexGroup_ArabicAlphabet" Name="$ID/kWRIndexGroup_ArabicAlphabet" Include="false" Priority="8" HeaderType="Nothing" />
	<IndexingSortOption Self="dIndexingSortOptionnkWRIndexGroup_HebrewAlphabet" Name="$ID/kWRIndexGroup_HebrewAlphabet" Include="false" Priority="9" HeaderType="Nothing" />
	<ColorGroup Self="u18" Name="[Root Color Group]" IsRootColorGroup="true">
		<ColorGroupSwatch Self="u18ColorGroupSwatch0" SwatchItemRef="Swatch/None" />
		<ColorGroupSwatch Self="u18ColorGroupSwatch1" SwatchItemRef="Color/Registration" />
		<ColorGroupSwatch Self="u18ColorGroupSwatch2" SwatchItemRef="Color/Paper" />
		<ColorGroupSwatch Self="u18ColorGroupSwatch3" SwatchItemRef="Color/Black" />
		<ColorGroupSwatch Self="u18ColorGroupSwatch4" SwatchItemRef="Color/C=100 M=0 Y=0 K=0" />
		<ColorGroupSwatch Self="u18ColorGroupSwatch5" SwatchItemRef="Color/C=0 M=100 Y=0 K=0" />
		<ColorGroupSwatch Self="u18ColorGroupSwatch6" SwatchItemRef="Color/C=0 M=0 Y=100 K=0" />
		<ColorGroupSwatch Self="u18ColorGroupSwatch7" SwatchItemRef="Color/C=15 M=100 Y=100 K=0" />
		<ColorGroupSwatch Self="u18ColorGroupSwatch8" SwatchItemRef="Color/C=75 M=5 Y=100 K=0" />
		<ColorGroupSwatch Self="u18ColorGroupSwatch9" SwatchItemRef="Color/C=100 M=90 Y=10 K=0" />
		<ColorGroupSwatch Self="u18ColorGroupSwatcha" SwatchItemRef="Color/欧耶蓝" />
		<ColorGroupSwatch Self="u18ColorGroupSwatchb" SwatchItemRef="Color/欧耶黄" />
		<ColorGroupSwatch Self="u18ColorGroupSwatchc" SwatchItemRef="Color/欧耶蓝2" />
		<ColorGroupSwatch Self="u18ColorGroupSwatchd" SwatchItemRef="Color/欧耶黄100" />
		<ColorGroupSwatch Self="u18ColorGroupSwatche" SwatchItemRef="Color/欧耶黄90" />
	</ColorGroup>
	<ABullet Self="dABullet0" CharacterType="UnicodeOnly" CharacterValue="8226">
		<Properties>
			<BulletsFont type="string">$ID/</BulletsFont>
			<BulletsFontStyle type="string">$ID/</BulletsFontStyle>
		</Properties>
	</ABullet>
	<ABullet Self="dABullet1" CharacterType="UnicodeOnly" CharacterValue="42">
		<Properties>
			<BulletsFont type="string">$ID/</BulletsFont>
			<BulletsFontStyle type="string">$ID/</BulletsFontStyle>
		</Properties>
	</ABullet>
	<ABullet Self="dABullet2" CharacterType="UnicodeWithFont" CharacterValue="187">
		<Properties>
			<BulletsFont type="string">Myriad Pro</BulletsFont>
			<BulletsFontStyle type="string">$ID/Regular</BulletsFontStyle>
		</Properties>
	</ABullet>
	<ABullet Self="dABullet3" CharacterType="GlyphWithFont" CharacterValue="503">
		<Properties>
			<BulletsFont type="string">Minion Pro</BulletsFont>
			<BulletsFontStyle type="string">$ID/Regular</BulletsFontStyle>
		</Properties>
	</ABullet>
	<ABullet Self="dABullet4" CharacterType="UnicodeOnly" CharacterValue="12539">
		<Properties>
			<BulletsFont type="string">$ID/</BulletsFont>
			<BulletsFontStyle type="string">$ID/</BulletsFontStyle>
		</Properties>
	</ABullet>
	<ABullet Self="dABullet5" CharacterType="UnicodeOnly" CharacterValue="65290">
		<Properties>
			<BulletsFont type="string">$ID/</BulletsFont>
			<BulletsFontStyle type="string">$ID/</BulletsFontStyle>
		</Properties>
	</ABullet>
	<ABullet Self="dABullet6" CharacterType="UnicodeOnly" CharacterValue="8251">
		<Properties>
			<BulletsFont type="string">$ID/</BulletsFont>
			<BulletsFontStyle type="string">$ID/</BulletsFontStyle>
		</Properties>
	</ABullet>
	<Assignment Self="uf0" Name="$ID/UnassignedInCopy" UserName="$ID/" ExportOptions="AssignedSpreads" IncludeLinksWhenPackage="true" FilePath="$ID/">
		<Properties>
			<FrameColor type="enumeration">Nothing</FrameColor>
		</Properties>
	</Assignment>
</Document>
