<?xml version="1.0" encoding="UTF-8" standalone="yes"?>
<idPkg:MasterSpread xmlns:idPkg="http://ns.adobe.com/AdobeInDesign/idml/1.0/packaging" DOMVersion="10.0">
	<MasterSpread Self="ue9" ItemTransform="1 0 0 1 0 0" OverriddenPageItemProps="" Name="A-主页" NamePrefix="A" BaseName="主页" ShowMasterItems="true" PageCount="2" PrimaryTextFrame="n">
		<Properties>
			<PageColor type="enumeration">UseMasterColor</PageColor>
		</Properties>
		<Page Self="uee" AppliedAlternateLayout="n" LayoutRule="Off" SnapshotBlendingMode="IgnoreLayoutSnapshots" OptionalPage="false" GeometricBounds="-250 0 3250 1600" ItemTransform="1 0 0 1 -1600 -1500" Name="A" AppliedTrapPreset="TrapPreset/$ID/kDefaultTrapStyleName" OverrideList="" AppliedMaster="n" MasterPageTransform="1 0 0 1 0 0" TabOrder="" GridStartingPoint="TopOutside" UseMasterGrid="true">
			<Properties>
				<PageColor type="enumeration">UseMasterColor</PageColor>
			</Properties>
			<MarginPreference ColumnCount="1" ColumnGutter="14.173228346456694" Top="0" Bottom="0" Left="0" Right="0" ColumnDirection="Horizontal" ColumnsPositions="0 1600" />
			<GridDataInformation FontStyle="L" PointSize="12" CharacterAki="0" LineAki="9" HorizontalScale="100" VerticalScale="100" LineAlignment="LeftOrTopLineJustify" GridAlignment="AlignEmCenter" CharacterAlignment="AlignEmCenter">
				<Properties>
					<AppliedFont type="string">Adobe 宋体 Std</AppliedFont>
				</Properties>
			</GridDataInformation>
		</Page>
		<Page Self="uef" AppliedAlternateLayout="n" LayoutRule="Off" SnapshotBlendingMode="IgnoreLayoutSnapshots" OptionalPage="false" GeometricBounds="-250 0 3250 1600" ItemTransform="1 0 0 1 0 -1500" Name="A" AppliedTrapPreset="TrapPreset/$ID/kDefaultTrapStyleName" OverrideList="" AppliedMaster="n" MasterPageTransform="1 0 0 1 0 0" TabOrder="" GridStartingPoint="TopOutside" UseMasterGrid="true">
			<Properties>
				<PageColor type="enumeration">UseMasterColor</PageColor>
			</Properties>
			<MarginPreference ColumnCount="1" ColumnGutter="14.173228346456694" Top="0" Bottom="0" Left="0" Right="0" ColumnDirection="Horizontal" ColumnsPositions="0 1600" />
			<GridDataInformation FontStyle="L" PointSize="12" CharacterAki="0" LineAki="9" HorizontalScale="100" VerticalScale="100" LineAlignment="LeftOrTopLineJustify" GridAlignment="AlignEmCenter" CharacterAlignment="AlignEmCenter">
				<Properties>
					<AppliedFont type="string">Adobe 宋体 Std</AppliedFont>
				</Properties>
			</GridDataInformation>
		</Page>
	</MasterSpread>
</idPkg:MasterSpread>
