<?xml version="1.0" encoding="UTF-8" standalone="yes"?>
<idPkg:Fonts xmlns:idPkg="http://ns.adobe.com/AdobeInDesign/idml/1.0/packaging" DOMVersion="10.0">
	<FontFamily Self="di3f" Name="Adobe 宋体 Std">
		<Font Self="di3fFontnAdobe 宋体 Std L" FontFamily="Adobe 宋体 Std" Name="Adobe 宋体 Std L" PostScriptName="AdobeSongStd-Light" Status="Installed" FontStyleName="L" FontType="OpenTypeCID" WritingScript="25" FullName="Adobe Song Std L" FullNameNative="Adobe 宋体 Std L" FontStyleNameNative="L" PlatformName="$ID/" Version="Version 5.017;PS 5.002;hotconv 1.0.67;makeotf.lib2.5.33168" TypekitID="$ID/" />
	</FontFamily>
	<FontFamily Self="di9a" Name="Myriad Pro">
		<Font Self="di9aFontnMyriad Pro Condensed" FontFamily="Myriad Pro" Name="Myriad Pro Condensed" PostScriptName="MyriadPro-Cond" Status="Installed" FontStyleName="Condensed" FontType="OpenTypeCFF" WritingScript="0" FullName="Myriad Pro Condensed" FullNameNative="Myriad Pro Condensed" FontStyleNameNative="Condensed" PlatformName="$ID/" Version="Version 2.102;PS 2.000;hotconv 1.0.67;makeotf.lib2.5.33168" TypekitID="$ID/" />
		<Font Self="di9aFontnMyriad Pro Condensed Italic" FontFamily="Myriad Pro" Name="Myriad Pro Condensed Italic" PostScriptName="MyriadPro-CondIt" Status="Installed" FontStyleName="Condensed Italic" FontType="OpenTypeCFF" WritingScript="0" FullName="Myriad Pro Condensed Italic" FullNameNative="Myriad Pro Condensed Italic" FontStyleNameNative="Condensed Italic" PlatformName="$ID/" Version="Version 2.102;PS 2.000;hotconv 1.0.67;makeotf.lib2.5.33168" TypekitID="$ID/" />
		<Font Self="di9aFontnMyriad Pro Bold Condensed" FontFamily="Myriad Pro" Name="Myriad Pro Bold Condensed" PostScriptName="MyriadPro-BoldCond" Status="Installed" FontStyleName="Bold Condensed" FontType="OpenTypeCFF" WritingScript="0" FullName="Myriad Pro Bold Condensed" FullNameNative="Myriad Pro Bold Condensed" FontStyleNameNative="Bold Condensed" PlatformName="$ID/" Version="Version 2.102;PS 2.000;hotconv 1.0.67;makeotf.lib2.5.33168" TypekitID="$ID/" />
		<Font Self="di9aFontnMyriad Pro Bold Condensed Italic" FontFamily="Myriad Pro" Name="Myriad Pro Bold Condensed Italic" PostScriptName="MyriadPro-BoldCondIt" Status="Installed" FontStyleName="Bold Condensed Italic" FontType="OpenTypeCFF" WritingScript="0" FullName="Myriad Pro Bold Condensed Italic" FullNameNative="Myriad Pro Bold Condensed Italic" FontStyleNameNative="Bold Condensed Italic" PlatformName="$ID/" Version="Version 2.102;PS 2.000;hotconv 1.0.67;makeotf.lib2.5.33168" TypekitID="$ID/" />
		<Font Self="di9aFontnMyriad Pro Regular" FontFamily="Myriad Pro" Name="Myriad Pro Regular" PostScriptName="MyriadPro-Regular" Status="Installed" FontStyleName="Regular" FontType="OpenTypeCFF" WritingScript="0" FullName="Myriad Pro" FullNameNative="Myriad Pro" FontStyleNameNative="Regular" PlatformName="$ID/" Version="Version 2.102;PS 2.000;hotconv 1.0.67;makeotf.lib2.5.33168" TypekitID="$ID/" />
		<Font Self="di9aFontnMyriad Pro Italic" FontFamily="Myriad Pro" Name="Myriad Pro Italic" PostScriptName="MyriadPro-It" Status="Installed" FontStyleName="Italic" FontType="OpenTypeCFF" WritingScript="0" FullName="Myriad Pro Italic" FullNameNative="Myriad Pro Italic" FontStyleNameNative="Italic" PlatformName="$ID/" Version="Version 2.102;PS 2.000;hotconv 1.0.67;makeotf.lib2.5.33168" TypekitID="$ID/" />
		<Font Self="di9aFontnMyriad Pro Semibold" FontFamily="Myriad Pro" Name="Myriad Pro Semibold" PostScriptName="MyriadPro-Semibold" Status="Installed" FontStyleName="Semibold" FontType="OpenTypeCFF" WritingScript="0" FullName="Myriad Pro Semibold" FullNameNative="Myriad Pro Semibold" FontStyleNameNative="Semibold" PlatformName="$ID/" Version="Version 2.102;PS 2.000;hotconv 1.0.67;makeotf.lib2.5.33168" TypekitID="$ID/" />
		<Font Self="di9aFontnMyriad Pro Semibold Italic" FontFamily="Myriad Pro" Name="Myriad Pro Semibold Italic" PostScriptName="MyriadPro-SemiboldIt" Status="Installed" FontStyleName="Semibold Italic" FontType="OpenTypeCFF" WritingScript="0" FullName="Myriad Pro Semibold Italic" FullNameNative="Myriad Pro Semibold Italic" FontStyleNameNative="Semibold Italic" PlatformName="$ID/" Version="Version 2.102;PS 2.000;hotconv 1.0.67;makeotf.lib2.5.33168" TypekitID="$ID/" />
		<Font Self="di9aFontnMyriad Pro Bold" FontFamily="Myriad Pro" Name="Myriad Pro Bold" PostScriptName="MyriadPro-Bold" Status="Installed" FontStyleName="Bold" FontType="OpenTypeCFF" WritingScript="0" FullName="Myriad Pro Bold" FullNameNative="Myriad Pro Bold" FontStyleNameNative="Bold" PlatformName="$ID/" Version="Version 2.102;PS 2.000;hotconv 1.0.67;makeotf.lib2.5.33168" TypekitID="$ID/" />
		<Font Self="di9aFontnMyriad Pro Bold Italic" FontFamily="Myriad Pro" Name="Myriad Pro Bold Italic" PostScriptName="MyriadPro-BoldIt" Status="Installed" FontStyleName="Bold Italic" FontType="OpenTypeCFF" WritingScript="0" FullName="Myriad Pro Bold Italic" FullNameNative="Myriad Pro Bold Italic" FontStyleNameNative="Bold Italic" PlatformName="$ID/" Version="Version 2.102;PS 2.000;hotconv 1.0.67;makeotf.lib2.5.33168" TypekitID="$ID/" />
	</FontFamily>
	<FontFamily Self="di9b" Name="Minion Pro">
		<Font Self="di9bFontnMinion Pro Bold Cond" FontFamily="Minion Pro" Name="Minion Pro Bold Cond" PostScriptName="MinionPro-BoldCn" Status="Installed" FontStyleName="Bold Cond" FontType="OpenTypeCFF" WritingScript="0" FullName="Minion Pro Bold Cond" FullNameNative="Minion Pro Bold Cond" FontStyleNameNative="Bold Cond" PlatformName="$ID/" Version="Version 2.108;PS 2.000;hotconv 1.0.67;makeotf.lib2.5.33168" TypekitID="$ID/" />
		<Font Self="di9bFontnMinion Pro Bold Cond Italic" FontFamily="Minion Pro" Name="Minion Pro Bold Cond Italic" PostScriptName="MinionPro-BoldCnIt" Status="Installed" FontStyleName="Bold Cond Italic" FontType="OpenTypeCFF" WritingScript="0" FullName="Minion Pro Bold Cond Italic" FullNameNative="Minion Pro Bold Cond Italic" FontStyleNameNative="Bold Cond Italic" PlatformName="$ID/" Version="Version 2.108;PS 2.000;hotconv 1.0.67;makeotf.lib2.5.33168" TypekitID="$ID/" />
		<Font Self="di9bFontnMinion Pro Regular" FontFamily="Minion Pro" Name="Minion Pro Regular" PostScriptName="MinionPro-Regular" Status="Installed" FontStyleName="Regular" FontType="OpenTypeCFF" WritingScript="0" FullName="Minion Pro" FullNameNative="Minion Pro" FontStyleNameNative="Regular" PlatformName="$ID/" Version="Version 2.108;PS 2.000;hotconv 1.0.67;makeotf.lib2.5.33168" TypekitID="$ID/" />
		<Font Self="di9bFontnMinion Pro Italic" FontFamily="Minion Pro" Name="Minion Pro Italic" PostScriptName="MinionPro-It" Status="Installed" FontStyleName="Italic" FontType="OpenTypeCFF" WritingScript="0" FullName="Minion Pro Italic" FullNameNative="Minion Pro Italic" FontStyleNameNative="Italic" PlatformName="$ID/" Version="Version 2.108;PS 2.000;hotconv 1.0.67;makeotf.lib2.5.33168" TypekitID="$ID/" />
		<Font Self="di9bFontnMinion Pro Medium" FontFamily="Minion Pro" Name="Minion Pro Medium" PostScriptName="MinionPro-Medium" Status="Installed" FontStyleName="Medium" FontType="OpenTypeCFF" WritingScript="0" FullName="Minion Pro Medium" FullNameNative="Minion Pro Medium" FontStyleNameNative="Medium" PlatformName="$ID/" Version="Version 2.108;PS 2.000;hotconv 1.0.67;makeotf.lib2.5.33168" TypekitID="$ID/" />
		<Font Self="di9bFontnMinion Pro Medium Italic" FontFamily="Minion Pro" Name="Minion Pro Medium Italic" PostScriptName="MinionPro-MediumIt" Status="Installed" FontStyleName="Medium Italic" FontType="OpenTypeCFF" WritingScript="0" FullName="Minion Pro Medium Italic" FullNameNative="Minion Pro Medium Italic" FontStyleNameNative="Medium Italic" PlatformName="$ID/" Version="Version 2.108;PS 2.000;hotconv 1.0.67;makeotf.lib2.5.33168" TypekitID="$ID/" />
		<Font Self="di9bFontnMinion Pro Semibold" FontFamily="Minion Pro" Name="Minion Pro Semibold" PostScriptName="MinionPro-Semibold" Status="Installed" FontStyleName="Semibold" FontType="OpenTypeCFF" WritingScript="0" FullName="Minion Pro Semibold" FullNameNative="Minion Pro Semibold" FontStyleNameNative="Semibold" PlatformName="$ID/" Version="Version 2.108;PS 2.000;hotconv 1.0.67;makeotf.lib2.5.33168" TypekitID="$ID/" />
		<Font Self="di9bFontnMinion Pro Semibold Italic" FontFamily="Minion Pro" Name="Minion Pro Semibold Italic" PostScriptName="MinionPro-SemiboldIt" Status="Installed" FontStyleName="Semibold Italic" FontType="OpenTypeCFF" WritingScript="0" FullName="Minion Pro Semibold Italic" FullNameNative="Minion Pro Semibold Italic" FontStyleNameNative="Semibold Italic" PlatformName="$ID/" Version="Version 2.108;PS 2.000;hotconv 1.0.67;makeotf.lib2.5.33168" TypekitID="$ID/" />
		<Font Self="di9bFontnMinion Pro Bold" FontFamily="Minion Pro" Name="Minion Pro Bold" PostScriptName="MinionPro-Bold" Status="Installed" FontStyleName="Bold" FontType="OpenTypeCFF" WritingScript="0" FullName="Minion Pro Bold" FullNameNative="Minion Pro Bold" FontStyleNameNative="Bold" PlatformName="$ID/" Version="Version 2.108;PS 2.000;hotconv 1.0.67;makeotf.lib2.5.33168" TypekitID="$ID/" />
		<Font Self="di9bFontnMinion Pro Bold Italic" FontFamily="Minion Pro" Name="Minion Pro Bold Italic" PostScriptName="MinionPro-BoldIt" Status="Installed" FontStyleName="Bold Italic" FontType="OpenTypeCFF" WritingScript="0" FullName="Minion Pro Bold Italic" FullNameNative="Minion Pro Bold Italic" FontStyleNameNative="Bold Italic" PlatformName="$ID/" Version="Version 2.108;PS 2.000;hotconv 1.0.67;makeotf.lib2.5.33168" TypekitID="$ID/" />
	</FontFamily>
	<FontFamily Self="di1a1" Name="Microsoft JhengHei UI">
		<Font Self="di1a1FontnMicrosoft JhengHei UI Light" FontFamily="Microsoft JhengHei UI" Name="Microsoft JhengHei UI Light" PostScriptName="MicrosoftJhengHeiUILight" Status="Installed" FontStyleName="Light" FontType="TrueType" WritingScript="2" FullName="Microsoft JhengHei UI Light" FullNameNative="Microsoft JhengHei UI Light" FontStyleNameNative="Light" PlatformName="$ID/" Version="Version 6.13" TypekitID="$ID/" />
		<Font Self="di1a1FontnMicrosoft JhengHei UI Regular" FontFamily="Microsoft JhengHei UI" Name="Microsoft JhengHei UI Regular" PostScriptName="MicrosoftJhengHeiUIRegular" Status="Installed" FontStyleName="Regular" FontType="TrueType" WritingScript="2" FullName="Microsoft JhengHei UI" FullNameNative="Microsoft JhengHei UI Regular" FontStyleNameNative="Regular" PlatformName="$ID/" Version="Version 6.13" TypekitID="$ID/" />
		<Font Self="di1a1FontnMicrosoft JhengHei UI Bold" FontFamily="Microsoft JhengHei UI" Name="Microsoft JhengHei UI Bold" PostScriptName="MicrosoftJhengHeiUIBold" Status="Installed" FontStyleName="Bold" FontType="TrueType" WritingScript="2" FullName="Microsoft JhengHei UI Bold" FullNameNative="Microsoft JhengHei UI Bold" FontStyleNameNative="Bold" PlatformName="$ID/" Version="Version 6.13" TypekitID="$ID/" />
	</FontFamily>
	<CompositeFont Self="CompositeFont/$ID/[No composite font]" Name="$ID/[No composite font]">
		<CompositeFontEntry Self="ua7" Name="$ID/Kanji" FontStyle="L" RelativeSize="100" HorizontalScale="100" VerticalScale="100" Locked="true" ScaleOption="true" BaselineShift="0">
			<Properties>
				<AppliedFont type="string">Adobe 宋体 Std</AppliedFont>
			</Properties>
		</CompositeFontEntry>
		<CompositeFontEntry Self="ua8" Name="$ID/Punctuation" FontStyle="L" RelativeSize="100" HorizontalScale="100" VerticalScale="100" CustomCharacters="—―‖‘’“”‥…′″∥、。〈〉《》「」『』【】〔〕〜・！（），．／：；？［］｛｝～" Locked="true" ScaleOption="true" BaselineShift="0">
			<Properties>
				<AppliedFont type="string">Adobe 宋体 Std</AppliedFont>
			</Properties>
		</CompositeFontEntry>
		<CompositeFontEntry Self="ua9" Name="$ID/Symbols" FontStyle="L" RelativeSize="100" HorizontalScale="100" VerticalScale="100" CustomCharacters="¢£§¨¬°±´¶×÷ΑΒΓΔΕΖΗΘΙΚΛΜΝΞΟΠΡΣΤΥΦΧΨΩαβγδεζηθικλμνξοπρστυφχψωЁАБВГДЕЖЗИЙКЛМНОПРСТУФХЦЧШЩЪЫЬЭЮЯабвгдежзийклмнопрстуфхцчшщъыьэюяё‐†‡‰※℃Å←↑→↓⇒⇔∀∂∃∇∈∋−√∝∞∠∧∨∩∪∫∬∴∵∽≒≠≡≦≧≪≫⊂⊃⊆⊇⊥⌒■□▲△▼▽◆◇○◎●◯★☆♀♂♪♭♯〃〆〇〒〓゛゜＃＄％＆＊＋－０１２３４５６７８９＜＝＞＠ＡＢＣＤＥＦＧＨＩＪＫＬＭＮＯＰＱＲＳＴＵＶＷＸＹＺ＼＾＿｀ａｂｃｄｅｆｇｈｉｊｋｌｍｎｏｐｑｒｓｔｕｖｗｘｙｚ｜￠￡￢￣￥" Locked="true" ScaleOption="true" BaselineShift="0">
			<Properties>
				<AppliedFont type="string">Adobe 宋体 Std</AppliedFont>
			</Properties>
		</CompositeFontEntry>
		<CompositeFontEntry Self="uaa" Name="$ID/Alphabetic" FontStyle="$ID/Regular" RelativeSize="100" HorizontalScale="100" VerticalScale="100" CustomCharacters=" !&quot;#$%&amp;&apos;()*+,-./:;&lt;=&gt;?@ABCDEFGHIJKLMNOPQRSTUVWXYZ[\]^_`abcdefghijklmnopqrstuvwxyz{|}~ ¡¤¥¦©ª«­®¯²³µ·¸¹º»¼½¾¿ÀÁÂÃÄÅÆÇÈÉÊËÌÍÎÏÐÑÒÓÔÕÖØÙÚÛÜÝÞßàáâãäåæçèéêëìíîïðñòóôõöøùúûüýþÿıŒœŠšŸŽžƒˆˇ˘˙˚˛˜˝–‚„•‹›⁄€™∆∏∑≈≤≥◊ﬀﬁﬂﬃﬄﬅﬆ" Locked="true" ScaleOption="false" BaselineShift="0">
			<Properties>
				<AppliedFont type="string">Minion Pro</AppliedFont>
			</Properties>
		</CompositeFontEntry>
		<CompositeFontEntry Self="uab" Name="$ID/Numbers" FontStyle="$ID/Regular" RelativeSize="100" HorizontalScale="100" VerticalScale="100" CustomCharacters="0123456789" Locked="true" ScaleOption="false" BaselineShift="0">
			<Properties>
				<AppliedFont type="string">Minion Pro</AppliedFont>
			</Properties>
		</CompositeFontEntry>
	</CompositeFont>
</idPkg:Fonts>