<?xml version="1.0" encoding="UTF-8" standalone="yes"?>
<idPkg:Story xmlns:idPkg="http://ns.adobe.com/AdobeInDesign/idml/1.0/packaging" DOMVersion="10.0">
	<Story Self="u2ab" AppliedTOCStyle="n" TrackChanges="false" StoryTitle="$ID/" AppliedNamedGrid="n">
		<StoryPreference OpticalMarginAlignment="false" OpticalMarginSize="12" FrameType="TextFrameType" StoryOrientation="Horizontal" StoryDirection="LeftToRightDirection" />
		<InCopyExportOption IncludeGraphicProxies="true" IncludeAllResources="false" />
		<ParagraphStyleRange AppliedParagraphStyle="ParagraphStyle/$ID/NormalParagraphStyle">
			<Properties>
				<BulletsFontStyle type="enumeration">Nothing</BulletsFontStyle>
			</Properties>
			<CharacterStyleRange AppliedCharacterStyle="CharacterStyle/$ID/[No character style]" FillColor="Color/Paper" FontStyle="Bold" PointSize="72" OTFContextualAlternate="false">
				<Properties>
					<AppliedFont type="string">Microsoft JhengHei UI</AppliedFont>
					<RubyFontStyle type="enumeration">Nothing</RubyFontStyle>
					<KentenFontStyle type="enumeration">Nothing</KentenFontStyle>
				</Properties>
				<Content>2016</Content>
			</CharacterStyleRange>
			<CharacterStyleRange AppliedCharacterStyle="CharacterStyle/$ID/[No character style]" FillColor="Color/Paper" FontStyle="Light" PointSize="72" OTFContextualAlternate="false">
				<Properties>
					<AppliedFont type="string">Microsoft JhengHei UI</AppliedFont>
					<RubyFontStyle type="enumeration">Nothing</RubyFontStyle>
					<KentenFontStyle type="enumeration">Nothing</KentenFontStyle>
				</Properties>
				<Content>年</Content>
				<Br />
				<Content>每</Content>
			</CharacterStyleRange>
			<CharacterStyleRange AppliedCharacterStyle="CharacterStyle/$ID/[No character style]" FillColor="Color/Paper" FontStyle="Bold" PointSize="72" OTFContextualAlternate="false">
				<Properties>
					<AppliedFont type="string">Microsoft JhengHei UI</AppliedFont>
					<RubyFontStyle type="enumeration">Nothing</RubyFontStyle>
					<KentenFontStyle type="enumeration">Nothing</KentenFontStyle>
				</Properties>
				<Content>10</Content>
			</CharacterStyleRange>
			<CharacterStyleRange AppliedCharacterStyle="CharacterStyle/$ID/[No character style]" FillColor="Color/Paper" FontStyle="Light" PointSize="72" OTFContextualAlternate="false">
				<Properties>
					<AppliedFont type="string">Microsoft JhengHei UI</AppliedFont>
					<RubyFontStyle type="enumeration">Nothing</RubyFontStyle>
					<KentenFontStyle type="enumeration">Nothing</KentenFontStyle>
				</Properties>
				<Content>人从欧耶毕业</Content>
				<Br />
				<Content>有</Content>
			</CharacterStyleRange>
			<CharacterStyleRange AppliedCharacterStyle="CharacterStyle/$ID/[No character style]" FillColor="Color/Paper" FontStyle="Bold" PointSize="72" OTFContextualAlternate="false">
				<Properties>
					<AppliedFont type="string">Microsoft JhengHei UI</AppliedFont>
					<RubyFontStyle type="enumeration">Nothing</RubyFontStyle>
					<KentenFontStyle type="enumeration">Nothing</KentenFontStyle>
				</Properties>
				<Content>9</Content>
			</CharacterStyleRange>
			<CharacterStyleRange AppliedCharacterStyle="CharacterStyle/$ID/[No character style]" FillColor="Color/Paper" FontStyle="Light" PointSize="72" OTFContextualAlternate="false">
				<Properties>
					<AppliedFont type="string">Microsoft JhengHei UI</AppliedFont>
					<RubyFontStyle type="enumeration">Nothing</RubyFontStyle>
					<KentenFontStyle type="enumeration">Nothing</KentenFontStyle>
				</Properties>
				<Content>人录取</Content>
				<Br />
				<Content>Berkeley&amp;UCLA</Content>
			</CharacterStyleRange>
		</ParagraphStyleRange>
	</Story>
</idPkg:Story>
