<?xml version="1.0" encoding="UTF-8" standalone="yes"?>
<idPkg:Story xmlns:idPkg="http://ns.adobe.com/AdobeInDesign/idml/1.0/packaging" DOMVersion="10.0">
	<Story Self="u3c4" AppliedTOCStyle="n" TrackChanges="false" StoryTitle="$ID/" AppliedNamedGrid="n">
		<StoryPreference OpticalMarginAlignment="false" OpticalMarginSize="12" FrameType="TextFrameType" StoryOrientation="Horizontal" StoryDirection="LeftToRightDirection" />
		<InCopyExportOption IncludeGraphicProxies="true" IncludeAllResources="false" />
		<ParagraphStyleRange AppliedParagraphStyle="ParagraphStyle/$ID/NormalParagraphStyle" Justification="LeftAlign">
			<Properties>
				<BulletsFontStyle type="enumeration">Nothing</BulletsFontStyle>
			</Properties>
			<CharacterStyleRange AppliedCharacterStyle="CharacterStyle/$ID/[No character style]" FillColor="Color/欧耶蓝2" FontStyle="Light" PointSize="72" OTFContextualAlternate="false">
				<Properties>
					<AppliedFont type="string">Microsoft JhengHei UI</AppliedFont>
					<RubyFontStyle type="enumeration">Nothing</RubyFontStyle>
					<KentenFontStyle type="enumeration">Nothing</KentenFontStyle>
				</Properties>
				<Content>我们是</Content>
			</CharacterStyleRange>
			<CharacterStyleRange AppliedCharacterStyle="CharacterStyle/$ID/[No character style]" FillColor="Color/欧耶蓝2" FontStyle="Bold" PointSize="72" OTFContextualAlternate="false">
				<Properties>
					<AppliedFont type="string">Microsoft JhengHei UI</AppliedFont>
					<RubyFontStyle type="enumeration">Nothing</RubyFontStyle>
					<KentenFontStyle type="enumeration">Nothing</KentenFontStyle>
				</Properties>
				<Content>欧耶</Content>
			</CharacterStyleRange>
			<CharacterStyleRange AppliedCharacterStyle="CharacterStyle/$ID/[No character style]" FillColor="Color/欧耶蓝2" FontStyle="Light" PointSize="72" OTFContextualAlternate="false">
				<Properties>
					<AppliedFont type="string">Microsoft JhengHei UI</AppliedFont>
					<RubyFontStyle type="enumeration">Nothing</RubyFontStyle>
					<KentenFontStyle type="enumeration">Nothing</KentenFontStyle>
				</Properties>
				<Br />
				<Content>我们致力于帮助社区学院的学子</Content>
				<Br />
				<Content>实现转学和求职之梦</Content>
			</CharacterStyleRange>
		</ParagraphStyleRange>
	</Story>
</idPkg:Story>
