<?xml version="1.0" encoding="UTF-8" standalone="yes"?>
<idPkg:Story xmlns:idPkg="http://ns.adobe.com/AdobeInDesign/idml/1.0/packaging" DOMVersion="10.0">
	<Story Self="u1ce" AppliedTOCStyle="n" TrackChanges="false" StoryTitle="$ID/" AppliedNamedGrid="n">
		<StoryPreference OpticalMarginAlignment="false" OpticalMarginSize="12" FrameType="TextFrameType" StoryOrientation="Horizontal" StoryDirection="LeftToRightDirection" />
		<InCopyExportOption IncludeGraphicProxies="true" IncludeAllResources="false" />
		<ParagraphStyleRange AppliedParagraphStyle="ParagraphStyle/$ID/NormalParagraphStyle" HyphenationZone="22.393700787401578" RuleAboveLineWeight="0.5598425196850395" RuleBelowLineWeight="0.5598425196850395" SplitColumnInsideGutter="4.74">
			<Properties>
				<BulletsFontStyle type="enumeration">Nothing</BulletsFontStyle>
			</Properties>
			<CharacterStyleRange AppliedCharacterStyle="CharacterStyle/$ID/[No character style]" FillColor="Color/Paper" FontStyle="Regular" PointSize="37.92" StrokeWeight="0.5598425196850395" OTFContextualAlternate="false" MiterLimit="3.16" RubyFontSize="-0.79" KentenFontSize="-0.79">
				<Properties>
					<AppliedFont type="string">Microsoft JhengHei UI</AppliedFont>
					<RubyFontStyle type="enumeration">Nothing</RubyFontStyle>
					<KentenFontStyle type="enumeration">Nothing</KentenFontStyle>
				</Properties>
				<Content>为什么</Content>
				<Br />
				<Content>要选择社区学院</Content>
			</CharacterStyleRange>
		</ParagraphStyleRange>
	</Story>
</idPkg:Story>
