<?xml version="1.0" encoding="UTF-8" standalone="yes"?>
<idPkg:Story xmlns:idPkg="http://ns.adobe.com/AdobeInDesign/idml/1.0/packaging" DOMVersion="10.0">
	<Story Self="u181" AppliedTOCStyle="n" TrackChanges="false" StoryTitle="$ID/" AppliedNamedGrid="n">
		<StoryPreference OpticalMarginAlignment="false" OpticalMarginSize="12" FrameType="TextFrameType" StoryOrientation="Horizontal" StoryDirection="LeftToRightDirection" />
		<InCopyExportOption IncludeGraphicProxies="true" IncludeAllResources="false" />
		<ParagraphStyleRange AppliedParagraphStyle="ParagraphStyle/$ID/NormalParagraphStyle" HyphenationZone="39.556935190793496" RuleAboveLineWeight="0.9889233797698372" RuleBelowLineWeight="0.9889233797698372" Justification="CenterAlign" SplitColumnInsideGutter="8.372884615384622">
			<Properties>
				<BulletsFontStyle type="enumeration">Nothing</BulletsFontStyle>
			</Properties>
			<CharacterStyleRange AppliedCharacterStyle="CharacterStyle/$ID/[No character style]" FillColor="Color/Paper" FontStyle="Light" PointSize="66.98307692307698" StrokeWeight="0.9889233797698372" OTFContextualAlternate="false" MiterLimit="5.581923076923081" RubyFontSize="-1.3954807692307702" KentenFontSize="-1.3954807692307702">
				<Properties>
					<AppliedFont type="string">Microsoft JhengHei UI</AppliedFont>
					<RubyFontStyle type="enumeration">Nothing</RubyFontStyle>
					<KentenFontStyle type="enumeration">Nothing</KentenFontStyle>
				</Properties>
				<Content>绝不花哨 只有专业</Content>
			</CharacterStyleRange>
		</ParagraphStyleRange>
	</Story>
</idPkg:Story>
