<?xml version="1.0" encoding="UTF-8" standalone="yes"?>
<idPkg:Story xmlns:idPkg="http://ns.adobe.com/AdobeInDesign/idml/1.0/packaging" DOMVersion="10.0">
	<Story Self="u150" AppliedTOCStyle="n" TrackChanges="false" StoryTitle="$ID/" AppliedNamedGrid="n">
		<StoryPreference OpticalMarginAlignment="false" OpticalMarginSize="12" FrameType="TextFrameType" StoryOrientation="Horizontal" StoryDirection="LeftToRightDirection" />
		<InCopyExportOption IncludeGraphicProxies="true" IncludeAllResources="false" />
		<ParagraphStyleRange AppliedParagraphStyle="ParagraphStyle/$ID/NormalParagraphStyle" HyphenationZone="58.148694730466474" RuleAboveLineWeight="1.4537173682616618" RuleBelowLineWeight="1.4537173682616618" Justification="CenterAlign" SplitColumnInsideGutter="12.308140384615404">
			<Properties>
				<BulletsFontStyle type="enumeration">Nothing</BulletsFontStyle>
			</Properties>
			<CharacterStyleRange AppliedCharacterStyle="CharacterStyle/$ID/[No character style]" FillColor="Color/Paper" FontStyle="Bold" PointSize="147.69768461538484" StrokeWeight="1.4537173682616618" OTFContextualAlternate="false" MiterLimit="8.205426923076935" RubyFontSize="-2.0513567307692337" KentenFontSize="-2.0513567307692337">
				<Properties>
					<AppliedFont type="string">Microsoft JhengHei UI</AppliedFont>
					<RubyFontStyle type="enumeration">Nothing</RubyFontStyle>
					<KentenFontStyle type="enumeration">Nothing</KentenFontStyle>
				</Properties>
				<Content>专注社大 转学申请</Content>
			</CharacterStyleRange>
		</ParagraphStyleRange>
	</Story>
</idPkg:Story>
