<?xml version="1.0" encoding="UTF-8" standalone="yes"?>
<idPkg:BackingStory xmlns:idPkg="http://ns.adobe.com/AdobeInDesign/idml/1.0/packaging" DOMVersion="10.0">
	<XmlStory Self="uc4" AppliedTOCStyle="n" TrackChanges="false" StoryTitle="$ID/" AppliedNamedGrid="n">
		<ParagraphStyleRange AppliedParagraphStyle="ParagraphStyle/$ID/NormalParagraphStyle">
			<CharacterStyleRange AppliedCharacterStyle="CharacterStyle/$ID/[No character style]">
				<XMLElement Self="di2" MarkupTag="XMLTag/Root" />
				<Content>﻿</Content>
			</CharacterStyleRange>
		</ParagraphStyleRange>
	</XmlStory>
</idPkg:BackingStory>